{"iter": 2000, "train/loss": 4.079448699951172, "val/loss": 4.104633331298828, "lr": 0.0006, "mfu": 22.10627922018163, "_timestamp": 1679924719.0743203, "_runtime": 1643.436987400055, "_step": 2, "_wandb": {"runtime": 2350}}