{"iter": 0, "train/loss": 10.988591194152832, "val/loss": 10.989785194396973, "lr": 0.0, "mfu": -100.0, "_timestamp": 1679922353.4436505, "_runtime": 28.92546558380127, "_step": 0, "_wandb": {"runtime": 556}}