{"iter": 0, "train/loss": 10.988591194152832, "val/loss": 10.989785194396973, "lr": 0.0, "mfu": -100.0, "_timestamp": 1679921876.0997064, "_runtime": 27.557167530059814, "_step": 0, "_wandb": {"runtime": 189}}