{"iter": 1000, "train/loss": 4.50722599029541, "val/loss": 4.513827800750732, "lr": 0.0003, "mfu": 18.1720811713238, "_timestamp": 1680062268.2481124, "_runtime": 1036.0723655223846, "_step": 1, "_wandb": {"runtime": 1035}}