{"iter": 0, "train/loss": 10.989106178283691, "val/loss": 10.99047565460205, "lr": 0.0, "mfu": -100.0, "_timestamp": 1680063315.0682802, "_runtime": 91.85857629776001, "_step": 0}