{"iter": 0, "train/loss": 10.989106178283691, "val/loss": 10.99047565460205, "lr": 0.0, "mfu": -100.0, "_timestamp": 1679925577.627981, "_runtime": 42.788028955459595, "_step": 0, "_wandb": {"runtime": 46}}