{"iter": 0, "train/loss": 10.988591194152832, "val/loss": 10.989785194396973, "lr": 0.0, "mfu": -100.0, "_timestamp": 1679921021.8028643, "_runtime": 43.62943935394287, "_step": 0, "_wandb": {"runtime": 438}}