{"iter": 0, "train/loss": 10.989106178283691, "val/loss": 10.99047565460205, "lr": 0.0, "mfu": -100.0, "_timestamp": 1680073425.0738034, "_runtime": 106.30664443969727, "_step": 0}