{"iter": 0, "train/loss": 10.98887825012207, "val/loss": 10.990134239196777, "lr": 0.0, "mfu": -100.0, "_timestamp": 1679923005.491049, "_runtime": 49.550199031829834, "_step": 0, "_wandb": {"runtime": 51}}