{"iter": 0, "train/loss": 10.989106178283691, "val/loss": 10.99047565460205, "lr": 0.0, "mfu": -100.0, "_timestamp": 1680064641.6703897, "_runtime": 91.43579769134521, "_step": 0}